Name,Date ,OPEN ,HIGH ,LOW ,PREV. CLOSE ,close ,52W H ,52W L ,VOLUME ,VALUE ,No of trades 
Asian Paint,04-Sep-25,"2,553.90","2,583.00","2,553.00","2,553.90","2,568.60","3,394.90","2,124.75","9,33,071","2,39,83,37,278.70","74,273"
Asian Paint,03-Sep-25,"2,530.00","2,565.10","2,527.30","2,540.00","2,553.90","3,394.90","2,124.75","9,25,847","2,36,15,33,560.30","56,343"
Asian Paint,02-Sep-25,"2,569.00","2,571.90","2,531.00","2,570.20","2,540.00","3,394.90","2,124.75","10,24,054","2,61,08,85,776.30","85,903"
Asian Paint,01-Sep-25,"2,518.00","2,577.80","2,515.10","2,518.60","2,570.20","3,394.90","2,124.75","13,14,833","3,36,59,06,195.70","62,406"
Asian Paint,29-Aug-25,"2,491.00","2,531.60","2,490.00","2,489.00","2,518.60","3,394.90","2,124.75","17,98,653","4,52,04,02,451.20","1,05,469"
Asian Paint,28-Aug-25,"2,465.00","2,528.00","2,465.00","2,481.40","2,489.00","3,394.90","2,124.75","14,85,769","3,72,32,34,769.70","1,05,181"
Asian Paint,26-Aug-25,"2,481.10","2,523.30","2,468.00","2,492.90","2,481.40","3,394.90","2,124.75","71,06,393","17,64,90,19,058.80","1,34,307"
Asian Paint,25-Aug-25,"2,516.00","2,522.50","2,476.00","2,504.50","2,492.90","3,394.90","2,124.75","7,66,497","1,91,16,06,922.90","59,779"
Asian Paint,22-Aug-25,"2,562.80","2,569.30","2,501.10","2,566.60","2,504.50","3,394.90","2,124.75","5,23,774","1,31,94,57,472.40","46,272"
Asian Paint,21-Aug-25,"2,574.90","2,576.00","2,559.30","2,570.10","2,566.60","3,394.90","2,124.75","7,81,082","2,00,44,58,783.10","38,208"
Asian Paint,20-Aug-25,"2,578.00","2,579.30","2,563.40","2,579.40","2,570.10","3,394.90","2,124.75","3,08,028","79,19,56,221.80","36,979"
Asian Paint,19-Aug-25,"2,587.40","2,595.00","2,561.20","2,587.40","2,579.40","3,394.90","2,124.75","6,98,587","1,80,17,13,644.40","60,592"
Asian Paint,18-Aug-25,"2,550.00","2,595.00","2,536.60","2,528.70","2,587.40","3,394.90","2,124.75","17,55,615","4,51,76,86,760.70","1,07,645"
Asian Paint,14-Aug-25,"2,505.00","2,534.90","2,497.70","2,500.20","2,528.70","3,394.90","2,124.75","10,88,550","2,74,24,13,198.50","82,726"
Asian Paint,13-Aug-25,"2,479.80","2,504.40","2,461.20","2,478.30","2,500.20","3,394.90","2,124.75","3,50,844","87,53,36,847.90","31,382"
Asian Paint,12-Aug-25,"2,489.10","2,502.80","2,474.00","2,489.10","2,478.30","3,394.90","2,124.75","6,08,984","1,51,52,59,131.70","61,510"
Asian Paint,11-Aug-25,"2,463.90","2,504.20","2,452.00","2,475.60","2,489.10","3,394.90","2,124.75","7,21,135","1,79,15,20,953.60","66,377"
Asian Paint,08-Aug-25,"2,506.50","2,511.70","2,468.50","2,506.50","2,475.60","3,394.90","2,124.75","11,78,226","2,93,57,02,156.30","1,09,498"
Asian Paint,07-Aug-25,"2,484.10","2,510.00","2,466.90","2,491.20","2,506.50","3,394.90","2,124.75","15,02,806","3,74,30,02,537.30","75,726"
Asian Paint,06-Aug-25,"2,440.00","2,505.60","2,440.00","2,436.80","2,491.20","3,394.90","2,124.75","20,19,109","5,02,10,94,057.10","1,06,533"
Asian Paint,05-Aug-25,"2,461.90","2,463.70","2,409.10","2,449.80","2,436.80","3,394.90","2,124.75","6,59,094","1,60,34,80,439.00","43,105"
Asian Paint,04-Aug-25,"2,443.20","2,467.00","2,439.60","2,431.00","2,449.80","3,394.90","2,124.75","11,65,898","2,85,96,89,906.00","75,984"
Asian Paint,01-Aug-25,"2,378.00","2,472.00","2,378.00","2,396.10","2,431.00","3,394.90","2,124.75","22,25,293","5,44,45,03,615.10","1,09,846"
Asian Paint,31-Jul-25,"2,401.40","2,417.20","2,373.50","2,415.80","2,396.10","3,394.90","2,124.75","12,74,735","3,05,90,12,568.50","86,988"
Asian Paint,30-Jul-25,"2,409.00","2,443.80","2,366.50","2,401.50","2,415.80","3,394.90","2,124.75","16,85,818","4,07,72,05,818.80","1,01,534"
Asian Paint,29-Jul-25,"2,359.00","2,418.30","2,325.00","2,359.60","2,401.50","3,394.90","2,124.75","17,42,815","4,15,93,05,149.80","1,14,151"
Asian Paint,28-Jul-25,"2,336.20","2,366.40","2,320.00","2,336.20","2,359.60","3,394.90","2,124.75","6,50,364","1,52,89,10,548.30","48,878"
Asian Paint,25-Jul-25,"2,340.00","2,350.50","2,325.80","2,352.10","2,336.20","3,394.90","2,124.75","3,83,636","89,65,46,545.90","35,385"
Asian Paint,24-Jul-25,"2,375.40","2,380.00","2,341.00","2,375.40","2,352.10","3,394.90","2,124.75","5,06,960","1,19,45,73,369.30","37,060"
Asian Paint,23-Jul-25,"2,363.00","2,384.70","2,352.60","2,365.20","2,375.40","3,394.90","2,124.75","3,68,999","87,23,01,520.90","35,010"
Asian Paint,22-Jul-25,"2,375.40","2,380.80","2,361.30","2,375.40","2,365.20","3,394.90","2,124.75","4,11,317","97,39,45,345.90","36,497"
Asian Paint,21-Jul-25,"2,382.40","2,408.00","2,360.80","2,382.40","2,375.40","3,394.90","2,124.75","3,90,934","92,72,44,568.90","30,724"
Asian Paint,18-Jul-25,"2,400.60","2,405.00","2,372.30","2,398.90","2,382.40","3,394.90","2,124.75","5,99,552","1,42,97,40,039.30","89,418"
Asian Paint,17-Jul-25,"2,404.10","2,414.00","2,394.00","2,410.50","2,398.90","3,394.90","2,124.75","5,26,164","1,26,42,29,735.30","50,280"
Asian Paint,16-Jul-25,"2,381.00","2,422.40","2,371.00","2,393.50","2,410.50","3,394.90","2,124.75","12,00,913","2,88,83,01,085.20","72,926"
Asian Paint,15-Jul-25,"2,409.90","2,415.00","2,386.30","2,401.60","2,393.50","3,394.90","2,124.75","6,10,228","1,46,23,97,463.30","58,145"
Asian Paint,14-Jul-25,"2,431.10","2,448.60","2,391.00","2,439.20","2,401.60","3,394.90","2,124.75","8,91,624","2,14,56,38,312.60","56,494"
Asian Paint,11-Jul-25,"2,447.50","2,484.80","2,435.50","2,451.20","2,439.20","3,394.90","2,124.75","10,50,466","2,58,04,76,380.10","81,854"
Asian Paint,10-Jul-25,"2,507.30","2,512.00","2,445.10","2,498.90","2,451.20","3,394.90","2,124.75","9,32,978","2,30,87,43,113.10","61,536"
Asian Paint,09-Jul-25,"2,520.50","2,535.00","2,492.90","2,484.60","2,498.90","3,394.90","2,124.75","23,28,785","5,84,75,45,663.90","1,19,059"
Asian Paint,08-Jul-25,"2,440.50","2,488.00","2,437.30","2,442.80","2,484.60","3,394.90","2,124.75","11,36,367","2,80,56,13,212.20","70,976"
Asian Paint,07-Jul-25,"2,423.30","2,465.10","2,421.00","2,424.20","2,442.80","3,394.90","2,124.75","8,69,054","2,12,54,38,016.90","65,276"
Asian Paint,04-Jul-25,"2,430.90","2,443.00","2,412.00","2,430.90","2,424.20","3,394.90","2,124.75","6,02,320","1,46,02,65,353.90","45,164"
Asian Paint,03-Jul-25,"2,428.90","2,464.40","2,425.00","2,419.40","2,430.90","3,394.90","2,124.75","15,47,489","3,78,28,22,817.80","90,059"
Asian Paint,02-Jul-25,"2,340.00","2,430.00","2,327.00","2,369.50","2,419.40","3,394.90","2,124.75","19,36,060","4,61,89,93,872.20","83,746"
Asian Paint,01-Jul-25,"2,380.50","2,400.00","2,350.20","2,341.10","2,369.50","3,394.90","2,124.75","12,32,160","2,92,30,27,853.10","78,111"
Asian Paint,30-Jun-25,"2,362.00","2,369.90","2,326.10","2,358.70","2,341.10","3,394.90","2,124.75","7,85,414","1,83,87,97,546.00","63,584"
Asian Paint,27-Jun-25,"2,283.00","2,364.50","2,277.10","2,289.80","2,358.70","3,394.90","2,124.75","15,55,259","3,63,21,56,218.30","80,723"
Asian Paint,26-Jun-25,"2,287.00","2,292.60","2,280.20","2,279.90","2,289.80","3,394.90","2,124.75","9,21,519","2,10,81,87,443.90","55,025"
Asian Paint,25-Jun-25,"2,276.10","2,294.30","2,275.40","2,275.30","2,279.90","3,394.90","2,124.75","8,07,391","1,84,20,73,400.20","36,233"
Asian Paint,24-Jun-25,"2,305.00","2,309.70","2,268.90","2,264.10","2,275.30","3,394.90","2,124.75","10,44,179","2,38,68,26,686.10","68,456"
Asian Paint,23-Jun-25,"2,261.20","2,272.80","2,253.90","2,285.70","2,264.10","3,394.90","2,124.75","5,96,186","1,34,95,08,429.40","46,126"
Asian Paint,20-Jun-25,"2,267.00","2,289.90","2,263.00","2,268.00","2,285.70","3,394.90","2,124.75","19,45,030","4,44,14,32,827.30","50,866"
Asian Paint,19-Jun-25,"2,270.00","2,285.00","2,264.00","2,281.40","2,268.00","3,394.90","2,124.75","5,24,936","1,19,46,09,089.70","37,899"
Asian Paint,18-Jun-25,"2,257.00","2,284.00","2,255.00","2,264.80","2,281.40","3,394.90","2,124.75","11,31,156","2,57,12,76,672.00","52,509"
Asian Paint,17-Jun-25,"2,231.00","2,281.00","2,227.00","2,244.80","2,264.80","3,394.90","2,124.75","15,40,986","3,48,95,41,462.20","60,073"
Asian Paint,16-Jun-25,"2,214.20","2,250.00","2,209.30","2,214.20","2,244.80","3,394.90","2,124.75","13,01,826","2,90,80,99,540.00","61,568"
Asian Paint,13-Jun-25,"2,175.00","2,217.10","2,174.80","2,219.40","2,214.20","3,394.90","2,124.75","17,86,808","3,93,62,59,598.60","84,761"
Asian Paint,12-Jun-25,"2,224.00","2,263.00","2,208.10","2,208.80","2,219.40","3,394.90","2,124.75","34,17,375","7,64,48,03,902.00","1,38,345"
Asian Paint,11-Jun-25,"2,209.00","2,225.90","2,207.20","2,218.90","2,208.80","3,394.90","2,124.75","14,31,027","3,16,87,20,833.50","57,088"
Asian Paint,10-Jun-25,"2,240.00","2,240.00","2,215.20","2,247.90","2,218.90","3,394.90","2,124.75","18,09,078","4,02,15,64,944.30","85,274"
Asian Paint,09-Jun-25,"2,240.00","2,255.80","2,236.00","2,245.20","2,247.90","3,394.90","2,124.75","10,41,859","2,34,09,93,113.80","46,288"
Asian Paint,06-Jun-25,"2,249.10","2,252.60","2,239.00","2,243.50","2,245.20","3,394.90","2,124.75","8,22,087","1,84,54,64,870.70","36,801"
Asian Paint,05-Jun-25,"2,251.10","2,261.00","2,233.00","2,249.00","2,243.50","3,394.90","2,124.75","9,96,615","2,23,64,94,687.30","51,385"
Asian Paint,04-Jun-25,"2,249.50","2,261.00","2,240.90","2,255.70","2,249.00","3,394.90","2,124.75","7,68,084","1,72,71,51,815.70","36,037"
Asian Paint,03-Jun-25,"2,272.60","2,287.30","2,246.70","2,266.70","2,255.70","3,394.90","2,124.75","7,92,587","1,79,05,40,599.80","55,680"
Asian Paint,02-Jun-25,"2,259.10","2,272.30","2,257.90","2,259.10","2,266.70","3,394.90","2,124.75","7,02,789","1,59,21,80,294.90","41,035"
Asian Paint,30-May-25,"2,296.50","2,304.00","2,255.00","2,294.30","2,259.10","3,394.90","2,124.75","36,10,474","8,17,30,46,111.50","82,010"
Asian Paint,29-May-25,"2,303.20","2,309.00","2,286.50","2,303.20","2,294.30","3,394.90","2,124.75","14,14,643","3,24,46,58,118.70","58,620"
Asian Paint,28-May-25,"2,327.60","2,333.00","2,300.30","2,327.60","2,303.20","3,394.90","2,124.75","7,74,808","1,78,83,86,495.70","63,744"
Asian Paint,27-May-25,"2,313.10","2,351.60","2,301.10","2,327.20","2,327.60","3,394.90","2,124.75","24,85,428","5,79,79,81,367.60","98,440"
Asian Paint,26-May-25,"2,316.00","2,338.00","2,302.80","2,315.50","2,327.20","3,394.90","2,124.75","12,58,062","2,91,70,99,101.90","68,731"
Asian Paint,23-May-25,"2,301.80","2,329.00","2,295.00","2,299.20","2,315.50","3,394.90","2,124.75","4,58,035","1,06,09,77,681.90","33,970"
Asian Paint,22-May-25,"2,309.20","2,310.00","2,283.10","2,312.40","2,299.20","3,394.90","2,124.75","9,16,504","2,10,52,08,273.10","62,407"
Asian Paint,21-May-25,"2,296.00","2,316.20","2,290.00","2,295.60","2,312.40","3,394.90","2,124.75","4,69,330","1,08,30,76,347.70","41,864"
Asian Paint,20-May-25,"2,347.50","2,347.70","2,291.40","2,331.40","2,295.60","3,394.90","2,124.75","10,95,846","2,52,72,89,936.00","61,266"
Asian Paint,19-May-25,"2,353.60","2,378.90","2,326.60","2,353.60","2,331.40","3,394.90","2,124.75","5,52,961","1,29,79,28,267.50","50,106"
Asian Paint,16-May-25,"2,333.90","2,355.00","2,315.00","2,329.90","2,353.60","3,394.90","2,124.75","7,85,113","1,83,72,68,694.20","54,809"
Asian Paint,15-May-25,"2,285.00","2,335.50","2,268.00","2,282.30","2,329.90","3,394.90","2,124.75","16,75,016","3,86,35,90,864.00","1,13,120"
Asian Paint,14-May-25,"2,319.00","2,319.00","2,277.10","2,324.60","2,282.30","3,394.90","2,124.75","15,49,845","3,54,60,48,010.40","1,16,059"
Asian Paint,13-May-25,"2,354.00","2,358.00","2,315.10","2,356.40","2,324.60","3,394.90","2,124.75","12,20,489","2,84,22,70,299.00","81,010"
Asian Paint,12-May-25,"2,330.00","2,378.50","2,321.00","2,299.60","2,356.40","3,394.90","2,124.75","9,40,135","2,21,68,52,600.70","47,346"
Asian Paint,09-May-25,"2,246.60","2,331.80","2,245.00","2,302.60","2,299.60","3,394.90","2,124.75","15,03,010","3,45,74,41,372.60","92,881"
Asian Paint,08-May-25,"2,322.00","2,349.10","2,293.50","2,334.10","2,302.60","3,394.90","2,124.75","22,92,261","5,31,52,92,783.00","1,35,625"
Asian Paint,07-May-25,"2,388.00","2,405.70","2,318.50","2,418.00","2,334.10","3,394.90","2,124.75","17,11,760","4,04,31,39,077.00","1,09,336"
Asian Paint,06-May-25,"2,442.00","2,449.90","2,391.10","2,436.90","2,418.00","3,394.90","2,124.75","7,02,819","1,69,60,15,229.20","43,489"
Asian Paint,05-May-25,"2,423.10","2,475.00","2,423.10","2,409.80","2,436.90","3,394.90","2,124.75","12,29,593","3,01,76,08,685.60","70,327"
Asian Paint,02-May-25,"2,425.00","2,444.90","2,398.00","2,425.70","2,409.80","3,394.90","2,124.75","9,28,084","2,24,71,36,438.60","58,084"
Asian Paint,30-Apr-25,"2,450.00","2,462.20","2,401.50","2,451.10","2,425.70","3,394.90","2,124.75","14,79,678","3,59,89,36,957.00","77,845"
Asian Paint,29-Apr-25,"2,460.00","2,472.00","2,441.60","2,452.20","2,451.10","3,394.90","2,124.75","12,35,066","3,03,38,72,117.50","63,588"
Asian Paint,28-Apr-25,"2,419.90","2,459.80","2,405.00","2,431.60","2,452.20","3,394.90","2,124.75","5,54,922","1,35,44,85,970.80","52,292"
Asian Paint,25-Apr-25,"2,464.30","2,468.70","2,413.70","2,464.40","2,431.60","3,394.90","2,124.75","7,02,217","1,70,83,55,787.60","60,107"
Asian Paint,24-Apr-25,"2,450.00","2,491.00","2,435.90","2,453.10","2,464.40","3,394.90","2,124.75","12,03,452","2,96,73,36,184.40","77,050"
Asian Paint,23-Apr-25,"2,437.00","2,456.60","2,425.60","2,432.00","2,453.10","3,394.90","2,124.75","7,44,696","1,81,99,20,596.40","53,899"
Asian Paint,22-Apr-25,"2,445.00","2,450.00","2,413.50","2,445.00","2,432.00","3,394.90","2,124.75","5,43,658","1,32,37,69,901.60","52,528"
Asian Paint,21-Apr-25,"2,465.90","2,470.90","2,441.00","2,467.90","2,445.00","3,394.90","2,124.75","5,41,913","1,33,07,97,649.80","43,480"
Asian Paint,17-Apr-25,"2,459.90","2,476.40","2,431.00","2,459.90","2,467.90","3,394.90","2,124.75","8,85,842","2,18,10,85,537.10","76,147"
Asian Paint,16-Apr-25,"2,405.10","2,468.50","2,403.70","2,415.70","2,459.90","3,394.90","2,124.75","11,66,700","2,85,96,11,268.60","63,155"
Asian Paint,15-Apr-25,"2,414.90","2,425.00","2,385.00","2,393.60","2,415.70","3,394.90","2,124.75","11,41,279","2,74,94,44,084.70","60,826"
Asian Paint,11-Apr-25,"2,439.50","2,448.00","2,380.25","2,411.15","2,393.60","3,394.90","2,124.75","9,68,152","2,32,04,26,188.00","67,208"
Asian Paint,09-Apr-25,"2,400.00","2,429.45","2,390.90","2,394.20","2,411.15","3,394.90","2,124.75","11,86,947","2,86,68,11,898.20","81,370"
Asian Paint,08-Apr-25,"2,356.00","2,420.00","2,356.00","2,341.35","2,394.20","3,394.90","2,124.75","18,76,867","4,49,56,81,154.35","1,15,340"
Asian Paint,07-Apr-25,"2,190.00","2,354.00","2,190.00","2,356.05","2,341.35","3,394.90","2,124.75","17,45,827","4,06,63,09,645.10","1,39,328"
Asian Paint,04-Apr-25,"2,349.40","2,363.95","2,302.80","2,349.40","2,356.05","3,394.90","2,124.75","11,63,188","2,71,85,99,396.85","59,655"
Asian Paint,03-Apr-25,"2,295.00","2,354.90","2,289.80","2,306.65","2,349.40","3,394.90","2,124.75","6,08,846","1,42,44,39,299.45","46,641"
Asian Paint,02-Apr-25,"2,328.00","2,328.40","2,292.15","2,316.00","2,306.65","3,394.90","2,124.75","7,92,695","1,82,61,96,169.70","37,627"
Asian Paint,01-Apr-25,"2,342.00","2,361.70","2,305.75","2,340.65","2,316.00","3,394.90","2,124.75","9,70,583","2,25,83,65,027.60","60,637"
Asian Paint,28-Mar-25,"2,343.95","2,364.00","2,325.00","2,338.10","2,340.65","3,394.90","2,124.75","12,81,871","3,00,40,27,398.60","67,780"
Asian Paint,27-Mar-25,"2,315.00","2,350.10","2,290.50","2,323.15","2,338.10","3,394.90","2,124.75","14,97,869","3,49,08,26,200.35","80,747"
Asian Paint,26-Mar-25,"2,340.00","2,340.95","2,304.00","2,330.75","2,323.15","3,394.90","2,124.75","19,34,492","4,48,62,25,170.45","91,980"
Asian Paint,25-Mar-25,"2,325.00","2,344.50","2,308.00","2,322.50","2,330.75","3,394.90","2,124.75","18,28,005","4,25,15,79,023.80","89,092"
Asian Paint,24-Mar-25,"2,302.40","2,330.25","2,302.10","2,300.40","2,322.50","3,394.90","2,124.75","11,00,353","2,54,77,88,335.30","58,769"
Asian Paint,21-Mar-25,"2,291.65","2,314.50","2,277.85","2,287.20","2,300.40","3,394.90","2,124.75","16,24,115","3,73,90,93,016.95","72,528"
Asian Paint,20-Mar-25,"2,290.00","2,307.00","2,268.75","2,280.70","2,287.20","3,394.90","2,124.75","11,66,849","2,67,12,31,103.95","66,693"
Asian Paint,19-Mar-25,"2,274.00","2,287.95","2,267.85","2,273.95","2,280.70","3,394.90","2,124.75","6,63,342","1,51,20,03,146.95","37,919"
Asian Paint,18-Mar-25,"2,230.65","2,290.00","2,222.75","2,219.55","2,273.95","3,394.90","2,124.75","8,16,364","1,84,66,73,569.20","59,044"
Asian Paint,17-Mar-25,"2,205.00","2,239.25","2,196.05","2,231.30","2,219.55","3,394.90","2,124.75","8,38,016","1,85,30,94,353.45","46,143"
Asian Paint,13-Mar-25,"2,255.25","2,257.20","2,222.50","2,251.30","2,231.30","3,394.90","2,124.75","7,47,500","1,67,39,95,004.85","56,228"
Asian Paint,12-Mar-25,"2,287.40","2,295.95","2,247.00","2,287.40","2,251.30","3,394.90","2,124.75","7,49,232","1,69,43,79,970.00","43,263"
Asian Paint,11-Mar-25,"2,274.00","2,290.90","2,257.90","2,278.60","2,287.40","3,394.90","2,124.75","6,01,228","1,37,18,17,056.15","45,071"
Asian Paint,10-Mar-25,"2,270.00","2,293.00","2,261.85","2,270.00","2,278.60","3,394.90","2,124.75","10,72,395","2,44,64,83,758.80","67,199"
Asian Paint,07-Mar-25,"2,267.70","2,277.95","2,248.00","2,267.70","2,270.00","3,394.90","2,124.75","9,21,429","2,08,69,15,604.70","53,822"
Asian Paint,06-Mar-25,"2,189.85","2,275.00","2,183.10","2,164.15","2,267.70","3,394.90","2,124.75","19,85,096","4,45,70,70,034.45","1,29,082"
Asian Paint,05-Mar-25,"2,132.00","2,182.80","2,124.75","2,132.10","2,164.15","3,394.90","2,124.75","15,35,212","3,31,30,36,251.60","82,283"
Asian Paint,04-Mar-25,"2,154.05","2,159.85","2,124.75","2,166.40","2,132.10","3,394.90","2,124.75","21,81,015","4,66,94,65,647.15","1,00,470"
Asian Paint,03-Mar-25,"2,179.75","2,193.35","2,129.00","2,179.75","2,166.40","3,394.90","2,129.00","9,59,075","2,06,74,30,347.00","74,350"
Asian Paint,28-Feb-25,"2,210.00","2,211.35","2,175.80","2,213.65","2,179.75","3,394.90","2,175.80","17,01,193","3,71,90,03,064.95","99,936"
Asian Paint,27-Feb-25,"2,214.00","2,228.40","2,198.00","2,224.75","2,213.65","3,394.90","2,185.70","10,27,196","2,27,29,65,793.50","95,543"
Asian Paint,25-Feb-25,"2,246.20","2,257.10","2,217.70","2,246.20","2,224.75","3,394.90","2,185.70","9,47,724","2,12,26,52,414.65","75,396"
Asian Paint,24-Feb-25,"2,245.90","2,259.00","2,241.00","2,257.60","2,246.20","3,394.90","2,185.70","7,65,060","1,72,10,98,413.60","73,952"
Asian Paint,21-Feb-25,"2,249.05","2,265.80","2,237.00","2,249.05","2,257.60","3,394.90","2,185.70","7,55,633","1,70,08,51,811.35","45,219"
Asian Paint,20-Feb-25,"2,239.10","2,257.10","2,231.05","2,239.10","2,249.05","3,394.90","2,185.70","6,37,444","1,43,33,27,262.80","51,610"
Asian Paint,19-Feb-25,"2,237.60","2,249.80","2,226.10","2,237.60","2,239.10","3,394.90","2,185.70","6,45,236","1,44,45,75,842.95","55,477"
Asian Paint,18-Feb-25,"2,248.00","2,251.95","2,218.75","2,250.85","2,237.60","3,394.90","2,185.70","7,35,853","1,64,24,44,694.15","64,195"
Asian Paint,17-Feb-25,"2,231.30","2,260.00","2,226.05","2,231.30","2,250.85","3,394.90","2,185.70","9,23,979","2,07,70,33,206.25","59,539"
Asian Paint,14-Feb-25,"2,236.40","2,250.55","2,203.00","2,236.40","2,231.30","3,394.90","2,185.70","13,80,052","3,06,85,08,976.40","96,135"
Asian Paint,13-Feb-25,"2,228.25","2,249.95","2,220.00","2,228.25","2,236.40","3,394.90","2,185.70","9,21,923","2,06,21,08,958.45","85,854"
Asian Paint,12-Feb-25,"2,241.85","2,247.95","2,185.70","2,240.85","2,228.25","3,394.90","2,185.70","11,81,718","2,61,93,71,809.05","1,00,126"
Asian Paint,11-Feb-25,"2,279.00","2,282.90","2,226.00","2,270.15","2,240.85","3,394.90","2,207.80","16,07,952","3,61,07,19,513.20","1,09,879"
Asian Paint,10-Feb-25,"2,271.05","2,278.00","2,254.00","2,271.00","2,270.15","3,394.90","2,207.80","11,81,565","2,67,87,29,501.15","84,314"
Asian Paint,07-Feb-25,"2,266.00","2,276.30","2,243.20","2,263.40","2,271.00","3,394.90","2,207.80","13,36,756","3,02,15,27,893.60","82,789"
Asian Paint,06-Feb-25,"2,287.20","2,298.90","2,260.25","2,275.20","2,263.40","3,394.90","2,207.80","12,85,982","2,92,50,06,807.85","87,116"
Asian Paint,05-Feb-25,"2,269.00","2,295.55","2,237.25","2,354.35","2,275.20","3,394.90","2,207.80","34,74,657","7,87,98,37,292.45","1,66,103"
Asian Paint,04-Feb-25,"2,304.65","2,418.60","2,263.75","2,292.25","2,354.35","3,394.90","2,207.80","53,73,740","12,60,11,80,853.70","2,55,010"
Asian Paint,03-Feb-25,"2,351.15","2,364.45","2,277.70","2,351.15","2,292.25","3,394.90","2,207.80","10,70,392","2,47,24,81,932.90","91,492"
Asian Paint,01-Feb-25,"2,312.00","2,389.00","2,285.30","2,300.80","2,351.15","3,394.90","2,207.80","13,18,652","3,09,36,74,162.85","70,668"
Asian Paint,31-Jan-25,"2,255.00","2,305.00","2,234.85","2,249.85","2,300.80","3,394.90","2,207.80","12,92,925","2,94,82,69,208.70","77,356"
Asian Paint,30-Jan-25,"2,223.15","2,259.25","2,215.00","2,223.15","2,249.85","3,394.90","2,207.80","11,55,749","2,59,30,55,630.55","64,226"
Asian Paint,29-Jan-25,"2,241.80","2,246.80","2,212.05","2,241.80","2,223.15","3,394.90","2,207.80","12,81,122","2,85,05,87,861.10","75,757"
Asian Paint,28-Jan-25,"2,260.00","2,267.05","2,234.10","2,251.50","2,241.80","3,394.90","2,207.80","8,97,503","2,02,09,30,748.45","72,849"
Asian Paint,27-Jan-25,"2,255.30","2,277.75","2,246.20","2,262.40","2,251.50","3,394.90","2,207.80","10,97,947","2,48,42,15,160.45","76,944"
Asian Paint,24-Jan-25,"2,283.00","2,296.55","2,255.05","2,276.35","2,262.40","3,394.90","2,207.80","5,43,217","1,23,51,87,855.45","49,773"
Asian Paint,23-Jan-25,"2,262.10","2,301.80","2,246.20","2,262.10","2,276.35","3,394.90","2,207.80","11,42,498","2,60,59,52,417.25","74,388"
Asian Paint,22-Jan-25,"2,270.00","2,270.00","2,244.90","2,260.35","2,262.10","3,394.90","2,207.80","8,35,523","1,88,60,55,484.70","64,392"
Asian Paint,21-Jan-25,"2,280.55","2,315.00","2,255.00","2,280.55","2,260.35","3,394.90","2,207.80","14,10,331","3,22,13,18,199.95","98,781"
Asian Paint,20-Jan-25,"2,272.25","2,286.90","2,251.00","2,261.00","2,280.55","3,394.90","2,207.80","5,55,730","1,26,44,78,025.35","56,946"
Asian Paint,17-Jan-25,"2,225.65","2,269.05","2,212.50","2,215.60","2,261.00","3,394.90","2,207.80","8,78,871","1,97,75,15,476.85","59,699"
Asian Paint,16-Jan-25,"2,239.00","2,239.85","2,207.80","2,229.70","2,215.60","3,394.90","2,207.80","19,36,132","4,29,26,58,861.25","1,06,569"
Asian Paint,15-Jan-25,"2,249.00","2,253.75","2,220.00","2,239.95","2,229.70","3,394.90","2,220.00","13,08,999","2,91,69,62,123.95","94,121"
Asian Paint,14-Jan-25,"2,269.00","2,286.35","2,237.00","2,252.65","2,239.95","3,394.90","2,237.00","13,17,678","2,96,72,15,703.55","87,016"
Asian Paint,13-Jan-25,"2,291.75","2,301.90","2,246.40","2,320.75","2,252.65","3,394.90","2,246.40","11,81,928","2,68,54,67,190.40","96,556"
Asian Paint,10-Jan-25,"2,335.60","2,348.90","2,316.00","2,350.20","2,320.75","3,394.90","2,256.50","12,14,382","2,82,84,28,867.50","61,912"
Asian Paint,09-Jan-25,"2,341.90","2,361.40","2,321.30","2,334.35","2,350.20","3,394.90","2,256.50","13,62,314","3,19,79,47,715.20","1,09,001"
Asian Paint,08-Jan-25,"2,287.05","2,338.00","2,272.70","2,292.60","2,334.35","3,394.90","2,256.50","14,39,655","3,32,32,61,023.35","80,037"
Asian Paint,07-Jan-25,"2,272.00","2,316.00","2,272.00","2,267.15","2,292.60","3,394.90","2,256.50","7,40,798","1,70,08,79,585.50","60,009"
Asian Paint,06-Jan-25,"2,335.95","2,340.00","2,256.70","2,335.95","2,267.15","3,394.90","2,256.50","11,91,044","2,71,87,12,345.65","1,04,012"
Asian Paint,03-Jan-25,"2,344.00","2,348.95","2,322.15","2,343.25","2,335.95","3,411.80","2,256.50","13,55,358","3,16,82,78,875.65","89,891"
Asian Paint,02-Jan-25,"2,314.00","2,347.95","2,294.00","2,304.65","2,343.25","3,411.80","2,256.50","13,42,922","3,12,56,38,365.70","84,907"
Asian Paint,01-Jan-25,"2,280.00","2,323.20","2,280.00","2,281.35","2,304.65","3,411.80","2,256.50","10,67,329","2,46,57,06,808.35","67,605"
Asian Paint,31-Dec-24,"2,280.00","2,297.65","2,273.00","2,288.25","2,281.35","3,411.80","2,256.50","6,85,486","1,56,58,57,129.30","55,912"
Asian Paint,30-Dec-24,"2,280.25","2,298.80","2,256.80","2,271.40","2,288.25","3,411.80","2,256.50","10,76,978","2,45,28,39,310.70","66,326"
Asian Paint,27-Dec-24,"2,270.25","2,290.80","2,260.05","2,262.40","2,271.40","3,422.95","2,256.50","8,22,000","1,86,95,88,002.05","53,458"
Asian Paint,26-Dec-24,"2,284.00","2,287.45","2,256.50","2,284.00","2,262.40","3,422.95","2,256.50","12,67,383","2,87,37,63,813.20","90,752"
Asian Paint,24-Dec-24,"2,282.10","2,295.00","2,277.15","2,279.20","2,284.00","3,422.95","2,265.35","6,01,634","1,37,54,37,152.75","45,905"
Asian Paint,23-Dec-24,"2,300.00","2,302.55","2,266.05","2,282.35","2,279.20","3,422.95","2,265.35","8,55,677","1,95,37,22,773.70","67,772"
Asian Paint,20-Dec-24,"2,297.00","2,318.00","2,276.00","2,291.85","2,282.35","3,422.95","2,265.35","17,19,699","3,94,66,30,739.20","1,15,146"
Asian Paint,19-Dec-24,"2,325.00","2,325.00","2,265.35","2,345.45","2,291.85","3,422.95","2,265.35","27,84,410","6,36,44,00,825.25","1,73,134"
Asian Paint,18-Dec-24,"2,356.80","2,372.70","2,341.00","2,356.00","2,345.45","3,422.95","2,341.00","8,55,724","2,01,72,39,137.85","62,975"
Asian Paint,17-Dec-24,"2,388.00","2,399.90","2,350.50","2,402.25","2,356.00","3,422.95","2,350.50","12,58,249","2,98,19,07,230.10","92,530"
Asian Paint,16-Dec-24,"2,419.95","2,419.95","2,386.15","2,407.65","2,402.25","3,422.95","2,354.00","9,87,790","2,36,83,87,855.65","77,582"
Asian Paint,13-Dec-24,"2,389.55","2,412.00","2,354.00","2,389.55","2,407.65","3,422.95","2,354.00","11,50,900","2,74,81,17,983.75","1,20,910"
Asian Paint,12-Dec-24,"2,413.00","2,415.00","2,380.70","2,417.30","2,389.55","3,422.95","2,380.70","10,89,049","2,60,82,30,600.90","82,311"
Asian Paint,11-Dec-24,"2,399.75","2,428.00","2,392.65","2,388.90","2,417.30","3,422.95","2,385.05","13,37,745","3,22,99,81,540.50","83,254"
Asian Paint,10-Dec-24,"2,399.90","2,404.65","2,385.05","2,391.85","2,388.90","3,422.95","2,385.05","16,57,888","3,96,37,46,939.60","1,25,397"
Asian Paint,09-Dec-24,"2,438.15","2,439.00","2,387.00","2,429.70","2,391.85","3,422.95","2,387.00","23,01,291","5,52,18,65,063.35","1,92,815"
Asian Paint,06-Dec-24,"2,468.00","2,468.00","2,427.00","2,452.20","2,429.70","3,422.95","2,422.95","17,36,042","4,22,93,41,851.15","1,51,112"
Asian Paint,05-Dec-24,"2,465.00","2,466.90","2,423.90","2,459.45","2,452.20","3,422.95","2,422.95","31,90,866","7,79,79,76,360.90","1,70,647"
Asian Paint,04-Dec-24,"2,478.90","2,479.10","2,453.20","2,469.40","2,459.45","3,422.95","2,422.95","10,05,016","2,47,81,64,524.35","79,840"
Asian Paint,03-Dec-24,"2,494.00","2,494.00","2,463.50","2,479.05","2,469.40","3,422.95","2,422.95","13,44,774","3,32,22,29,911.65","70,847"
Asian Paint,02-Dec-24,"2,479.60","2,486.00","2,461.35","2,479.60","2,479.05","3,422.95","2,422.95","9,14,674","2,26,40,67,727.50","59,229"
Asian Paint,29-Nov-24,"2,458.05","2,491.50","2,455.05","2,458.05","2,479.60","3,422.95","2,422.95","10,30,935","2,55,63,63,987.20","75,877"
Asian Paint,28-Nov-24,"2,500.00","2,506.00","2,453.30","2,491.90","2,458.05","3,422.95","2,422.95","15,06,233","3,71,78,32,912.45","1,27,061"
Asian Paint,27-Nov-24,"2,517.50","2,517.65","2,480.00","2,505.00","2,491.90","3,422.95","2,422.95","8,64,733","2,15,48,41,813.85","65,183"
Asian Paint,26-Nov-24,"2,459.90","2,518.00","2,457.60","2,459.70","2,505.00","3,422.95","2,422.95","11,52,258","2,88,28,97,491.10","63,301"
Asian Paint,25-Nov-24,"2,505.00","2,507.95","2,450.05","2,472.20","2,459.70","3,422.95","2,422.95","18,57,124","4,58,18,78,684.45","84,364"
Asian Paint,22-Nov-24,"2,430.00","2,493.95","2,422.95","2,428.15","2,472.20","3,422.95","2,422.95","38,05,854","9,37,40,65,272.65","1,27,561"
Asian Paint,21-Nov-24,"2,454.70","2,465.95","2,425.00","2,483.70","2,428.15","3,422.95","2,425.00","13,77,624","3,35,93,13,627.20","1,51,130"
Asian Paint,19-Nov-24,"2,488.00","2,503.20","2,472.35","2,483.70","2,483.70","3,422.95","2,451.10","9,41,558","2,34,33,95,970.15","1,09,986"
Asian Paint,18-Nov-24,"2,520.00","2,520.00","2,470.80","2,483.15","2,483.70","3,422.95","2,451.10","9,45,477","2,35,74,35,512.15","1,43,861"
Asian Paint,14-Nov-24,"2,482.80","2,501.75","2,466.20","2,470.50","2,483.15","3,422.95","2,451.10","12,06,975","2,99,44,27,872.30","1,20,096"
Asian Paint,13-Nov-24,"2,470.00","2,498.00","2,451.10","2,474.85","2,470.50","3,422.95","2,451.10","18,03,849","4,45,73,59,090.55","1,55,496"
Asian Paint,12-Nov-24,"2,535.00","2,535.00","2,470.00","2,543.10","2,474.85","3,422.95","2,470.00","34,45,983","8,60,56,93,685.30","3,15,876"
Asian Paint,11-Nov-24,"2,565.05","2,598.75","2,506.00","2,769.45","2,543.10","3,422.95","2,506.00","88,55,022","22,50,68,55,546.95","5,31,328"
Asian Paint,08-Nov-24,"2,842.85","2,847.00","2,762.40","2,842.85","2,769.45","3,422.95","2,670.10","20,60,486","5,74,53,22,672.70","1,70,154"
Asian Paint,07-Nov-24,"2,900.00","2,904.95","2,825.00","2,897.30","2,842.85","3,422.95","2,670.10","11,12,515","3,17,61,41,257.30","1,32,834"
Asian Paint,06-Nov-24,"2,890.50","2,907.85","2,860.00","2,887.30","2,897.30","3,422.95","2,670.10","18,17,087","5,24,21,39,767.65","1,92,927"
Asian Paint,05-Nov-24,"2,895.00","2,918.80","2,872.70","2,915.30","2,887.30","3,422.95","2,670.10","9,35,516","2,70,84,01,892.15","88,027"
Asian Paint,04-Nov-24,"2,962.15","2,962.15","2,885.50","2,939.85","2,915.30","3,422.95","2,670.10","11,46,008","3,33,51,45,770.85","80,106"
Asian Paint,01-Nov-24,"2,958.00","2,965.75","2,930.00","2,935.65","2,939.85","3,422.95","2,670.10","1,12,249","33,05,91,226.25","14,114"
Asian Paint,31-Oct-24,"2,994.20","2,996.50","2,919.00","2,996.65","2,935.65","3,422.95","2,670.10","10,31,171","3,03,82,32,477.60","86,563"
Asian Paint,30-Oct-24,"3,006.00","3,006.00","2,963.55","2,992.85","2,996.65","3,422.95","2,670.10","8,12,725","2,42,95,74,195.65","59,712"
Asian Paint,29-Oct-24,"3,020.00","3,028.00","2,941.10","3,001.85","2,992.85","3,422.95","2,670.10","6,13,459","1,82,77,39,369.70","54,559"
Asian Paint,28-Oct-24,"2,987.90","3,021.70","2,963.05","2,958.00","3,001.85","3,422.95","2,670.10","5,04,961","1,51,62,24,588.50","42,844"
Asian Paint,25-Oct-24,"2,975.50","3,015.55","2,952.00","2,972.00","2,958.00","3,422.95","2,670.10","10,47,769","3,12,29,38,107.20","83,131"
Asian Paint,24-Oct-24,"2,989.70","3,002.30","2,951.00","2,989.70","2,972.00","3,422.95","2,670.10","5,71,259","1,69,87,21,046.05","88,357"
Asian Paint,23-Oct-24,"2,999.95","3,026.50","2,972.05","3,006.85","2,989.70","3,422.95","2,670.10","6,24,689","1,87,39,75,356.55","46,783"
Asian Paint,22-Oct-24,"3,054.00","3,057.95","2,995.25","3,049.20","3,006.85","3,422.95","2,670.10","5,41,838","1,63,50,16,971.60","61,303"
Asian Paint,21-Oct-24,"3,007.05","3,057.00","3,000.55","2,992.15","3,049.20","3,422.95","2,670.10","8,06,970","2,44,61,14,222.65","64,693"
Asian Paint,18-Oct-24,"3,057.00","3,069.00","2,980.60","3,055.85","2,992.15","3,422.95","2,670.10","8,99,318","2,71,41,47,955.15","74,852"
Asian Paint,17-Oct-24,"3,082.90","3,085.00","3,037.00","3,082.10","3,055.85","3,422.95","2,670.10","6,74,481","2,05,94,21,914.05","49,764"
Asian Paint,16-Oct-24,"3,088.00","3,103.55","3,066.10","3,067.10","3,082.10","3,422.95","2,670.10","7,64,001","2,35,40,35,992.80","51,357"
Asian Paint,15-Oct-24,"3,075.00","3,096.80","3,047.65","3,039.15","3,067.10","3,422.95","2,670.10","12,42,322","3,81,65,23,237.45","76,416"
Asian Paint,14-Oct-24,"3,037.00","3,055.00","3,017.20","3,037.20","3,039.15","3,422.95","2,670.10","7,16,011","2,17,60,69,508.40","65,593"
Asian Paint,11-Oct-24,"3,059.20","3,064.00","3,026.00","3,059.10","3,037.20","3,422.95","2,670.10","9,76,017","2,96,70,37,962.35","65,051"
Asian Paint,10-Oct-24,"3,090.05","3,095.00","3,043.00","3,078.85","3,059.10","3,422.95","2,670.10","11,61,933","3,55,49,40,363.80","97,292"
Asian Paint,09-Oct-24,"3,095.55","3,146.70","3,071.75","3,088.05","3,078.85","3,422.95","2,670.10","12,25,598","3,80,07,55,073.15","89,592"
Asian Paint,08-Oct-24,"3,058.00","3,099.00","3,045.65","3,062.25","3,088.05","3,422.95","2,670.10","8,17,718","2,51,82,52,922.45","80,023"
Asian Paint,07-Oct-24,"3,075.00","3,098.55","3,038.00","3,072.50","3,062.25","3,422.95","2,670.10","9,09,812","2,78,45,71,947.30","91,414"
Asian Paint,04-Oct-24,"3,135.00","3,156.75","3,054.55","3,149.30","3,072.50","3,422.95","2,670.10","15,51,818","4,80,76,55,328.65","1,41,806"
Asian Paint,03-Oct-24,"3,192.30","3,225.90","3,126.50","3,277.35","3,149.30","3,422.95","2,670.10","17,41,363","5,50,79,35,530.10","1,69,211"
Asian Paint,01-Oct-24,"3,317.00","3,328.95","3,244.05","3,329.10","3,277.35","3,422.95","2,670.10","9,68,660","3,16,70,47,543.55","70,952"
Asian Paint,30-Sep-24,"3,310.75","3,358.00","3,305.15","3,310.75","3,329.10","3,422.95","2,670.10","10,88,162","3,62,98,55,462.65","82,479"
Asian Paint,27-Sep-24,"3,290.95","3,337.95","3,277.05","3,277.05","3,310.75","3,422.95","2,670.10","13,15,996","4,35,94,23,052.10","98,063"
Asian Paint,26-Sep-24,"3,250.00","3,285.85","3,227.10","3,244.75","3,277.05","3,422.95","2,670.10","9,51,080","3,10,11,93,912.05","79,224"
Asian Paint,25-Sep-24,"3,252.00","3,252.00","3,206.75","3,248.40","3,244.75","3,422.95","2,670.10","7,40,636","2,39,12,02,343.40","70,336"
Asian Paint,24-Sep-24,"3,277.45","3,297.75","3,241.10","3,277.45","3,248.40","3,422.95","2,670.10","10,57,933","3,45,79,21,906.40","61,806"
Asian Paint,23-Sep-24,"3,316.95","3,324.90","3,273.20","3,306.95","3,277.45","3,422.95","2,670.10","5,22,775","1,71,86,54,865.70","49,884"
Asian Paint,20-Sep-24,"3,304.00","3,324.80","3,266.05","3,293.85","3,306.95","3,422.95","2,670.10","15,04,277","4,97,20,72,194.60","1,06,675"
Asian Paint,19-Sep-24,"3,294.00","3,320.00","3,275.00","3,274.65","3,293.85","3,422.95","2,670.10","9,63,456","3,17,61,09,126.60","94,031"
Asian Paint,18-Sep-24,"3,312.80","3,324.85","3,251.55","3,312.80","3,274.65","3,422.95","2,670.10","4,10,510","1,34,78,60,703.85","44,243"
Asian Paint,17-Sep-24,"3,335.80","3,349.90","3,301.80","3,335.80","3,312.80","3,422.95","2,670.10","5,86,834","1,94,82,61,684.60","52,026"
Asian Paint,16-Sep-24,"3,360.00","3,394.90","3,330.60","3,358.05","3,335.80","3,422.95","2,670.10","10,19,280","3,42,11,84,305.00","54,011"
Asian Paint,13-Sep-24,"3,355.55","3,369.70","3,320.90","3,383.25","3,358.05","3,422.95","2,670.10","10,29,400","3,44,80,90,898.60","82,492"
Asian Paint,12-Sep-24,"3,370.00","3,393.00","3,340.30","3,367.45","3,383.25","3,422.95","2,670.10","16,43,536","5,54,48,28,604.60","1,36,297"
Asian Paint,11-Sep-24,"3,315.00","3,382.95","3,315.00","3,295.05","3,367.45","3,422.95","2,670.10","25,61,892","8,60,40,19,495.95","1,95,313"
Asian Paint,10-Sep-24,"3,290.00","3,310.00","3,270.90","3,280.75","3,295.05","3,422.95","2,670.10","9,28,920","3,06,11,15,127.10","1,00,633"
Asian Paint,09-Sep-24,"3,273.70","3,314.00","3,258.00","3,273.70","3,280.75","3,422.95","2,670.10","12,72,289","4,17,79,34,330.60","93,539"
Asian Paint,06-Sep-24,"3,238.00","3,285.90","3,225.35","3,238.25","3,273.70","3,422.95","2,670.10","21,31,256","6,95,96,75,271.85","1,20,887"
Asian Paint,05-Sep-24,"3,240.00","3,257.00","3,217.00","3,231.65","3,238.25","3,422.95","2,670.10","14,82,119","4,80,18,05,690.00","1,08,587"
Asian Paint,04-Sep-24,"3,155.50","3,252.00","3,155.50","3,154.85","3,231.65","3,422.95","2,670.10","23,79,110","7,67,67,48,459.45","1,85,570"
